{
    "totalRating": 54018,
    "meanRating": 2455.3636363636365,
    "minRating": 2218,
    "maxRating": 2638,
    "totalGameTime": 2273,
    "meanGameTime": 103.31818181818181,
    "minGameTime": 23,
    "maxGameTime": 164
}